customer_id,real_churn,predicted_churn,churn_probability
185,1,1,0.7215297
2715,0,0,0.30522648
3825,0,0,0.106726594
1807,1,1,0.8031214
132,0,0,0.12114644
1263,1,0,0.5018795
3732,0,0,0.13192779
1672,0,0,0.12072102
811,1,0,0.21324374
2526,1,1,0.5671395
2892,0,1,0.5671888
4129,0,1,0.57472974
2622,0,0,0.27117983
3801,1,1,0.6918474
4357,0,0,0.29157418
6179,1,1,0.7474519
5275,1,1,0.5948406
4640,1,1,0.8116124
833,0,1,0.6525181
5194,1,1,0.6781208
3328,0,1,0.8125083
101,0,1,0.60874367
6298,0,1,0.5625675
1090,0,0,0.50142795
1744,0,0,0.5112629
6486,1,1,0.6127877
6370,1,1,0.56482893
1882,0,0,0.3807335
3469,0,1,0.7163268
2310,0,0,0.13354367
6185,0,1,0.5472068
2726,0,0,0.11015091
696,0,0,0.12759604
1483,0,0,0.30378953
1158,0,0,0.50360924
3032,0,0,0.10973906
7037,0,0,0.10556329
4645,1,1,0.67000055
6112,0,0,0.4918553
4395,1,1,0.58940494
1662,1,1,0.7871017
1345,0,0,0.48777556
4343,1,1,0.7803278
6119,0,0,0.2575915
2873,1,1,0.60501206
1084,0,0,0.17286257
177,1,1,0.6900776
5556,1,1,0.71833307
4810,1,1,0.69925904
6608,1,0,0.23743084
393,0,0,0.28738907
6006,0,0,0.40184316
3107,0,0,0.17317149
1817,0,0,0.19947504
1075,0,1,0.554764
2653,0,0,0.12644137
2164,0,0,0.16539279
3872,0,1,0.76570547
1317,0,0,0.494848
3254,0,1,0.70622784
3425,0,0,0.36336574
3658,0,1,0.58969915
3513,0,0,0.4006989
2177,0,0,0.19829348
3593,1,1,0.7354867
4852,0,0,0.13229932
1375,0,0,0.10977957
2533,0,0,0.13352709
3914,0,0,0.17371942
3012,0,0,0.12755868
6633,1,1,0.81323457
321,0,0,0.15022838
742,1,1,0.7304935
1149,1,1,0.65826136
1188,0,0,0.54075724
2903,0,0,0.41808698
4333,0,1,0.5635118
2576,0,1,0.58737254
2977,0,1,0.58079934
2678,0,0,0.17465393
37,0,1,0.56482893
1795,1,1,0.5829702
1328,0,0,0.4400272
5972,1,0,0.41067684
2579,0,0,0.105660416
3172,1,1,0.68059564
2638,1,0,0.51662636
4464,1,1,0.6006894
676,0,0,0.17438668
5421,0,0,0.10609983
5060,0,0,0.48809117
6685,0,0,0.3753663
535,0,1,0.72269243
6180,0,0,0.22612076
233,0,0,0.10431606
1379,0,0,0.12889633
734,0,1,0.57671046
3802,0,1,0.5748654
2167,1,1,0.727812
4714,0,0,0.12704088
1042,0,1,0.69513196
5810,1,1,0.71183985
3406,0,0,0.17532402
6010,0,0,0.10814126
2110,0,0,0.5065745
1509,1,1,0.70419896
2742,0,0,0.120844424
3077,0,0,0.123525605
319,0,1,0.56767964
2929,0,0,0.22358693
1057,1,1,0.69785863
1153,0,0,0.22452453
6026,0,0,0.29524457
50,0,1,0.65391964
5574,0,0,0.3462046
1862,0,0,0.46861976
6003,0,0,0.13032244
511,0,1,0.562895
435,0,0,0.39476487
5955,0,0,0.1209599
3399,0,0,0.13354304
2333,0,0,0.3403748
2354,0,0,0.112076886
6151,1,1,0.7639345
4350,0,0,0.37503046
3518,0,1,0.5671395
5653,1,1,0.7777238
2283,1,1,0.7875901
764,0,0,0.103883184
543,1,1,0.73816186
3129,0,0,0.31076598
2323,1,1,0.60085505
5698,1,1,0.6699412
2654,1,1,0.81269675
2758,0,0,0.4340653
5313,0,0,0.53952664
5070,1,0,0.43204013
3710,0,0,0.18278208
263,0,0,0.14491881
4900,1,1,0.65810305
2206,1,1,0.56522965
2963,0,0,0.18500493
6283,1,1,0.7368994
1397,0,1,0.77020264
6699,0,0,0.11042538
2402,0,0,0.3912964
3668,0,0,0.23160712
6340,0,1,0.58724284
429,0,0,0.2097806
5735,0,0,0.10609983
3904,0,0,0.2816386
3381,0,0,0.31426987
5057,0,1,0.77932763
6833,0,1,0.61391056
1414,0,1,0.6317171
6359,0,1,0.59884
230,0,0,0.4148112
3932,1,1,0.8002723
5478,0,0,0.3082163
789,0,0,0.12072102
472,0,1,0.58952713
1079,0,1,0.79522026
245,0,1,0.74323183
1536,0,0,0.12249814
2239,0,0,0.12794015
4466,1,1,0.79521245
544,1,0,0.4126193
1302,0,0,0.13216123
6744,0,0,0.31526878
4189,0,0,0.21583752
3422,0,0,0.13354367
408,1,1,0.5884583
79,0,0,0.18500493
4844,0,0,0.17373204
3934,0,0,0.25347897
5354,0,1,0.8135886
6611,0,0,0.21605884
1606,0,0,0.20132498
1223,1,1,0.8000297
473,0,0,0.35323966
3276,1,1,0.79521245
932,0,0,0.103883184
4739,0,1,0.69995713
468,0,0,0.10609983
6261,0,0,0.103883184
3862,0,0,0.104499795
3185,1,1,0.67344016
3837,1,1,0.64337367
3078,1,1,0.8002723
3437,0,0,0.2303672
3103,1,1,0.625871
2080,0,0,0.12764516
6737,0,0,0.2913604
3218,0,0,0.27441025
5749,0,0,0.52384716
1452,0,0,0.41086337
3615,1,1,0.665914
217,0,0,0.12880273
4235,0,0,0.31094125
4086,0,0,0.121454336
6411,0,1,0.7851861
3299,0,0,0.39083737
3256,0,0,0.3079178
5736,0,1,0.5748654
5753,0,0,0.4881816
4660,1,0,0.46932006
4032,0,1,0.5714139
3936,0,0,0.53946984
3360,1,1,0.71833307
5823,0,0,0.3052924
1406,0,0,0.105748944
4407,0,0,0.38118523
3916,0,1,0.7591864
1443,0,1,0.66471326
4631,1,1,0.78983855
994,0,0,0.112076886
3855,0,0,0.35077432
4791,0,0,0.46226183
332,0,0,0.3817924
6059,0,0,0.23335484
1287,0,1,0.66655046
4359,0,1,0.60616803
3204,0,0,0.18209007
5612,0,0,0.22264154
5979,0,0,0.10628489
1061,0,0,0.23176582
4439,0,0,0.11395323
2351,0,0,0.12592587
3527,1,1,0.7892536
711,0,1,0.5835876
2704,0,0,0.30386007
3285,0,0,0.12625088
5495,1,1,0.7735699
3263,0,0,0.5404608
970,1,1,0.8031214
2299,0,0,0.124538995
2954,1,1,0.7239066
752,0,1,0.55141175
3782,0,1,0.7217789
2943,0,0,0.10932678
4608,0,0,0.13521628
5642,0,0,0.17588465
1144,1,1,0.72270757
5477,0,0,0.12604925
3977,0,0,0.21675637
5314,0,0,0.13382077
3149,0,0,0.53942806
3592,1,1,0.71787775
239,0,0,0.112076886
5489,0,1,0.6011577
3887,1,1,0.7639345
3289,0,1,0.56505984
4913,0,0,0.14474343
5010,0,0,0.12863751
4096,0,1,0.5666386
3910,1,1,0.6651602
3412,0,0,0.15922393
2034,0,0,0.22105412
2509,0,0,0.106188685
3295,0,0,0.121454336
5404,0,0,0.3727298
3142,1,1,0.5671395
6779,0,0,0.3812041
3063,0,1,0.6673137
6057,0,0,0.38730106
6580,0,0,0.3133611
4672,0,0,0.40427113
2692,0,0,0.4396684
6534,0,0,0.47460654
1965,1,0,0.37367734
2585,0,0,0.10609983
6527,1,1,0.5604423
2683,1,1,0.6988643
842,1,0,0.18278208
2572,0,0,0.10493494
3880,0,0,0.3286632
1820,0,1,0.5469252
1087,0,0,0.5428852
5107,0,0,0.37646553
2746,0,0,0.11060669
503,0,1,0.54760534
6248,0,0,0.13601717
3045,0,0,0.34714052
4274,0,0,0.17371942
4527,1,0,0.2704374
585,1,1,0.814541
6933,1,1,0.8125083
937,1,1,0.73644924
5159,0,1,0.77932763
437,0,0,0.17317149
5014,0,0,0.4032963
4374,0,0,0.105125815
4047,0,0,0.23366664
3573,0,0,0.30350825
5819,0,0,0.19863784
2574,1,1,0.5936441
169,0,0,0.36275107
6035,1,0,0.48991016
5533,0,1,0.6075024
1916,1,1,0.56482893
5048,0,0,0.5334357
957,0,1,0.6279069
1025,0,0,0.2470749
6393,0,1,0.5635118
4205,0,0,0.13240427
1616,0,0,0.10997026
6621,0,0,0.10609983
3948,0,0,0.43463588
2691,0,0,0.36210257
1650,1,1,0.7797355
1870,0,1,0.6820816
5357,0,0,0.10506767
179,0,0,0.17630477
2412,1,0,0.22998558
3559,0,0,0.11015091
3494,1,1,0.73728085
3968,0,0,0.10431606
4652,0,0,0.18502201
6131,1,1,0.6518472
6178,0,0,0.11190361
31,0,1,0.77427113
3653,0,0,0.14078839
5128,0,1,0.6469908
1330,0,0,0.22719918
2519,0,1,0.79908895
733,0,0,0.15958743
168,1,0,0.47055128
2298,0,0,0.17208944
1451,0,0,0.35962582
3601,0,0,0.2827071
2149,0,1,0.56510556
5141,0,0,0.45093435
2087,1,1,0.65111405
2741,1,1,0.7894238
6076,0,0,0.20902675
6469,0,0,0.10951574
4936,0,1,0.62816465
4689,0,0,0.50802386
2118,0,1,0.68378127
4398,0,0,0.12191708
5067,0,0,0.36107492
3433,0,0,0.46923935
2676,0,0,0.17532402
2609,1,1,0.5905065
1097,1,1,0.5478981
4864,0,0,0.43765557
5682,0,1,0.70825845
1219,0,0,0.38417813
6485,0,0,0.46668038
2851,0,0,0.12704088
4951,0,1,0.68039185
3319,1,1,0.67863613
2759,0,1,0.568173
381,1,1,0.66984606
6586,0,0,0.10977957
4375,0,0,0.39083737
3240,1,0,0.499805
1599,0,0,0.12859803
6773,1,1,0.6630422
4446,1,1,0.7962658
3626,0,0,0.38400367
3639,0,0,0.44514582
6269,0,0,0.39321375
2445,0,0,0.54028964
4251,0,0,0.14409205
1410,1,1,0.8002723
2029,1,0,0.37371498
2303,1,1,0.6635811
6388,1,1,0.5671888
80,1,1,0.8135886
1174,0,0,0.26644552
3305,0,1,0.6429468
6267,1,1,0.8125083
5844,0,1,0.77094346
95,1,1,0.6877603
576,0,0,0.37047252
2542,0,0,0.32330278
6477,0,0,0.23110269
2405,1,1,0.7802481
4453,1,1,0.7834368
5251,1,1,0.75206095
592,0,0,0.12702498
6309,0,0,0.10493494
4264,0,1,0.66645634
4198,0,0,0.106726594
3332,1,1,0.66984606
5640,1,1,0.8031214
5916,0,0,0.17317149
1867,1,1,0.7844681
496,0,0,0.34443876
1020,0,0,0.34373447
2627,0,0,0.11125824
7036,0,0,0.3980738
2275,1,1,0.81234133
5926,0,0,0.53649974
2477,0,1,0.73494864
5591,1,1,0.79521245
3187,0,1,0.64863247
6107,0,1,0.5748654
5792,1,1,0.6203641
4424,1,1,0.7094698
6085,1,1,0.66604215
6609,1,1,0.5884583
3196,0,0,0.21802942
457,0,0,0.1348862
6137,1,1,0.5818679
6942,0,0,0.13312042
1393,0,1,0.5671888
1056,1,1,0.7891714
4789,1,1,0.7766994
3277,0,0,0.18294504
5045,0,1,0.5520876
1002,0,1,0.7669987
3505,0,1,0.6344616
6812,0,1,0.55287254
1242,0,0,0.4315998
3458,1,1,0.5984012
534,1,1,0.81431156
2184,1,1,0.8002723
2249,0,1,0.5736566
2663,0,0,0.4838981
3464,0,1,0.5984012
5525,0,0,0.18286267
1041,0,0,0.18702252
4842,1,1,0.55111885
5863,1,1,0.6921182
4325,0,1,0.5635487
3153,0,0,0.4262964
2168,1,1,0.73843443
4144,0,1,0.5747438
2594,0,0,0.32405242
2748,1,1,0.6973311
5995,0,0,0.17381217
6547,0,0,0.14525607
6004,0,0,0.27561334
6168,1,1,0.8135886
538,0,0,0.41247702
61,0,0,0.49556464
2815,1,1,0.76750183
1634,0,0,0.14196749
2302,0,0,0.13028252
3844,1,0,0.32339904
996,1,1,0.574743
5081,0,0,0.12755868
1652,0,0,0.39072865
5678,1,1,0.67061
1038,0,0,0.47862676
5120,1,0,0.27712053
3901,0,0,0.26834682
6512,0,1,0.6018791
4387,0,1,0.5835824
852,0,0,0.49629757
2245,0,0,0.21666844
2095,1,1,0.8135886
19,0,1,0.68476504
4824,0,0,0.41047028
3346,0,1,0.8002723
6638,0,0,0.10557552
642,1,1,0.8135886
865,1,1,0.76661515
5595,0,0,0.46055067
1665,0,1,0.77932763
6859,0,0,0.19729994
6072,0,0,0.29429796
3929,0,0,0.22571398
3785,1,1,0.78360385
1499,0,1,0.5830803
4837,1,1,0.8116124
6133,0,1,0.673517
736,0,0,0.5123858
1192,1,1,0.77932763
6490,0,0,0.17465393
5337,0,0,0.3662129
4505,0,0,0.106188685
469,1,0,0.4853695
5948,0,0,0.16603328
3221,0,1,0.70830464
4746,1,1,0.8000297
4229,0,0,0.17317149
6266,1,1,0.58207905
247,1,1,0.71269643
3753,0,1,0.66957974
6819,1,1,0.6197743
6927,0,1,0.5652786
4619,1,1,0.76927656
5094,0,0,0.32024252
5650,0,0,0.23086385
5508,0,0,0.104499795
500,0,0,0.41087657
1726,0,0,0.42970544
2399,0,0,0.45399392
3703,0,0,0.1845359
6964,0,0,0.33798757
1737,0,1,0.55346805
3484,0,1,0.62948495
4028,0,0,0.2385396
3805,1,1,0.8127394
228,0,1,0.59684587
1467,0,0,0.33112484
1978,0,0,0.12555243
800,0,0,0.17091772
17,0,0,0.3125146
5473,0,0,0.4691226
6880,0,0,0.10493494
1801,0,1,0.58949876
2825,0,0,0.399044
5942,1,1,0.6209262
6606,1,1,0.6614655
960,0,0,0.52773315
6539,0,0,0.4625501
2949,0,0,0.22032389
1615,0,0,0.18346354
5763,0,1,0.794863
2821,1,1,0.8125726
3651,0,0,0.10642903
1888,0,0,0.22665922
706,0,0,0.12139418
2287,1,0,0.3211638
6088,1,1,0.71787775
2651,1,1,0.6826246
625,0,1,0.6789817
1718,0,0,0.17958806
4832,0,0,0.29880536
3504,0,0,0.103883184
5245,0,0,0.10556329
1103,0,1,0.5644887
1244,1,0,0.29524457
96,0,0,0.210456
3480,0,0,0.103883184
1005,0,0,0.49442345
1261,0,1,0.75541323
1078,0,0,0.23702043
156,0,1,0.5861958
4656,0,1,0.5850909
4411,0,0,0.39531752
2077,1,1,0.8019952
6634,1,1,0.74553186
425,0,0,0.35818097
6994,0,0,0.18278238
3617,1,0,0.5016017
2623,0,1,0.72661287
447,0,0,0.111076005
5453,0,0,0.12380518
3698,0,1,0.62353534
2210,0,0,0.24926752
4019,1,1,0.7253233
3973,0,0,0.32850382
2934,0,0,0.29647627
6569,0,0,0.112076886
3692,0,1,0.6777393
4713,0,0,0.4929124
2771,0,0,0.41382545
4192,0,0,0.17588465
1199,0,1,0.6528827
6404,0,0,0.4127063
5381,1,1,0.6701541
5941,0,0,0.39098173
3018,0,0,0.13305955
5190,0,1,0.6794779
93,0,0,0.50208163
4471,1,1,0.55308294
1321,0,0,0.21285805
5756,0,0,0.106726594
4456,0,0,0.106188685
1595,1,1,0.7983664
2348,0,0,0.35304293
5688,0,0,0.10932678
4584,0,0,0.15962493
476,0,0,0.45600933
5458,1,0,0.5102784
2432,0,0,0.21025172
5965,0,0,0.30652016
3460,0,1,0.5885548
1034,0,0,0.12644137
1775,0,0,0.31762892
6284,0,1,0.691086
2835,0,0,0.21781962
2031,0,1,0.6203555
3820,0,0,0.43727925
1559,0,0,0.4626565
2592,0,0,0.29622087
4288,1,1,0.7860368
487,0,0,0.12759604
3320,0,0,0.39774284
1115,0,0,0.12853429
6156,0,1,0.5660435
4615,0,0,0.12121461
561,0,0,0.5116254
1730,1,1,0.7153734
3262,1,1,0.64158493
4334,0,1,0.72195566
756,0,0,0.103883184
334,1,1,0.7588901
4507,0,0,0.5056938
5400,0,1,0.5795068
2705,0,0,0.10493494
23,0,0,0.12740539
6849,0,1,0.57697296
2124,1,1,0.68370825
4401,0,1,0.63680124
2229,0,1,0.78326404
3578,0,0,0.3458216
6579,0,0,0.12608805
1926,1,1,0.6628131
3362,1,1,0.67332834
1859,1,1,0.65104437
1277,0,0,0.10556329
5648,0,0,0.3678752
4755,0,1,0.6454485
6578,0,0,0.33288687
6152,1,1,0.636924
3197,1,0,0.3284479
712,0,0,0.10969176
6686,0,0,0.24695794
3244,0,0,0.5102784
3207,0,0,0.45093435
2407,1,1,0.79717463
4862,1,1,0.798122
4013,0,1,0.6692769
5294,0,0,0.196121
6033,1,1,0.68607754
6297,0,0,0.41443595
5707,0,1,0.6950715
1893,0,0,0.47384754
982,0,0,0.24117315
1657,0,0,0.38448584
5255,0,1,0.67223686
3102,1,1,0.6051523
4885,0,0,0.21372254
2098,0,1,0.72653013
378,0,0,0.14117295
3799,1,0,0.34623146
5064,1,1,0.67522657
199,0,1,0.5625127
5987,0,0,0.13938037
4354,0,0,0.10871596
2753,1,1,0.7790095
3662,1,1,0.5937489
6861,1,1,0.716014
4173,0,1,0.7278836
1193,0,0,0.1306241
4865,0,1,0.59374267
2486,0,0,0.5326498
5555,0,0,0.10431606
3238,0,0,0.11060669
2877,1,1,0.58626896
3606,0,0,0.491356
4172,0,1,0.5671395
4307,1,1,0.66728234
828,1,0,0.3442558
5702,1,0,0.49470246
3164,0,1,0.66547173
6766,0,0,0.18010046
6639,0,0,0.517062
5676,0,1,0.60874367
2948,1,1,0.6663511
1897,1,0,0.379628
6083,0,0,0.1059884
1535,0,1,0.54806614
1465,0,1,0.7783271
4909,0,0,0.13291904
4724,0,0,0.30665797
1912,0,0,0.18209007
547,0,0,0.4367247
6219,1,1,0.68560505
1335,1,1,0.6715379
1385,0,0,0.28052136
1176,1,1,0.72906417
3571,0,0,0.4567285
5983,0,0,0.4930943
1352,0,0,0.13278429
5061,0,0,0.24723248
4247,0,0,0.31891155
5693,0,0,0.12988167
2191,1,1,0.8138187
3861,0,0,0.331811
3347,0,0,0.10814126
5151,0,0,0.47248042
2706,1,1,0.78612745
683,0,0,0.5221738
2577,1,1,0.81431156
518,1,1,0.5660435
611,1,0,0.49395335
6993,1,1,0.65267545
2119,0,0,0.18209007
3308,0,0,0.1125597
3478,0,0,0.3546691
491,0,1,0.7045703
5364,1,1,0.6089544
4512,0,0,0.15676543
323,0,0,0.24373588
2764,0,0,0.4052905
3151,0,1,0.58968854
3163,0,1,0.6429468
1201,0,0,0.50501347
3907,0,1,0.56255805
1966,0,0,0.37406638
7034,1,0,0.48034605
324,0,0,0.13354367
6795,0,1,0.60560316
586,0,0,0.12755868
4503,1,1,0.6667553
5283,0,0,0.36515665
3608,1,1,0.63927096
2114,0,0,0.3628289
1554,0,0,0.28552794
4817,0,1,0.5748654
5957,1,1,0.6724228
5123,1,1,0.6396345
3217,0,0,0.47937816
5826,1,1,0.7890954
1372,0,1,0.582542
763,0,0,0.12121461
6576,0,0,0.4626565
2859,0,0,0.12805752
88,0,0,0.10977957
1055,0,0,0.17438668
5102,0,0,0.21153666
2906,0,1,0.5714907
2732,0,0,0.44848564
3352,1,1,0.7905179
2628,0,1,0.754904
6341,1,1,0.69058067
6813,1,0,0.14164403
1407,0,0,0.15226164
198,0,0,0.21471761
1954,1,1,0.8138146
3270,0,1,0.7699276
2272,0,1,0.71787775
73,0,0,0.105125815
2699,0,1,0.6578678
5817,1,1,0.71787775
3431,1,1,0.69145143
5922,0,0,0.20115508
4236,0,1,0.57589424
7023,0,1,0.5905065
2865,0,0,0.28737473
5571,0,0,0.3480914
6867,0,0,0.103883184
5351,1,1,0.5547685
5163,0,0,0.388032
2981,0,0,0.103883184
1175,0,1,0.61779606
5046,0,1,0.66984606
1747,1,1,0.7719214
6350,0,0,0.47793114
5154,1,1,0.6736033
6422,0,0,0.23006366
6646,0,0,0.17219993
5476,1,1,0.7565303
3454,0,0,0.40108758
4959,1,1,0.5884583
2083,1,1,0.5884583
2404,0,0,0.37156454
5705,0,1,0.5671395
4462,1,1,0.71828085
4157,0,0,0.53552824
5934,1,1,0.6879462
6272,0,0,0.25417954
2570,1,1,0.60085505
3779,1,0,0.12356243
3540,0,0,0.22350244
5893,0,0,0.11659781
208,1,1,0.6575713
1433,0,0,0.53308004
6670,0,0,0.16940197
4412,0,0,0.1731261
620,0,1,0.5692405
4979,0,0,0.1110855
1511,0,0,0.10556329
6624,0,0,0.13354367
3181,0,0,0.12625088
5304,0,1,0.6274648
478,1,1,0.7871807
3290,0,1,0.61199296
1979,0,0,0.10977957
5657,0,1,0.69398224
3960,0,1,0.68843025
5738,1,1,0.5625127
3955,0,0,0.47554046
1108,0,0,0.10431606
5748,0,1,0.60762584
286,0,0,0.47025678
550,0,0,0.21153735
4970,0,0,0.2818445
6564,0,0,0.4351001
4355,0,1,0.6068584
5271,0,0,0.41921198
6230,0,1,0.5748654
1934,1,1,0.7535904
5227,0,1,0.7711538
5397,1,1,0.7777238
4564,1,1,0.5748654
401,0,0,0.18346325
4140,1,0,0.41261417
747,0,1,0.7570331
5836,0,0,0.18671118
41,0,0,0.122997954
1643,0,1,0.6496676
5743,0,0,0.13571274
4299,0,0,0.37295723
5201,0,0,0.2299827
1009,0,0,0.22602683
5711,1,1,0.6640668
4196,0,0,0.10431606
737,0,0,0.17153102
1022,0,1,0.78854346
4002,0,0,0.12153702
6940,0,0,0.13265923
6029,0,1,0.73398083
5112,1,0,0.38225994
5021,0,0,0.34459007
2882,0,1,0.61046803
5026,0,0,0.18433638
1755,0,0,0.5008228
5316,0,0,0.4258769
5984,1,1,0.7266565
4239,0,0,0.23845607
6258,0,0,0.47793114
2045,0,0,0.26924875
1550,0,1,0.7803278
4362,0,0,0.17438668
3438,1,1,0.69398224
2517,1,1,0.78786653
3905,1,1,0.6604798
6520,1,1,0.7992647
1507,0,0,0.10628489
1915,0,0,0.38508135
4332,0,0,0.12525941
549,0,0,0.29247063
1728,0,0,0.12926799
4728,0,0,0.1303871
4628,0,0,0.38647318
296,0,0,0.19808297
5559,0,0,0.51650167
6257,1,1,0.8127394
4763,0,1,0.6206657
4995,1,1,0.73742217
6656,0,0,0.105660416
3548,0,0,0.38452455
3024,0,0,0.38118523
6847,0,0,0.3723374
100,0,1,0.5748654
3407,0,0,0.10642903
5905,0,1,0.8135886
5379,0,0,0.493699
4055,0,0,0.1381935
5882,0,0,0.11430186
2966,0,0,0.5286406
2233,0,0,0.35957813
5777,0,0,0.12072102
5156,0,0,0.2371383
798,0,1,0.61422366
2155,1,1,0.6780778
2091,0,0,0.106726594
1400,0,0,0.4612152
1425,0,0,0.51071644
927,1,1,0.71833307
3035,0,1,0.67454624
346,1,1,0.7992647
6675,0,0,0.31885973
1047,0,1,0.66471326
2197,0,0,0.41955468
1423,1,1,0.71925914
681,0,0,0.12859803
2264,0,0,0.2097222
4141,0,0,0.4746852
5603,1,1,0.6472734
87,0,0,0.10609983
465,0,0,0.13451892
2582,0,1,0.72794026
3856,0,1,0.58752006
1786,1,1,0.56779015
5724,1,1,0.7875901
1582,0,0,0.21624716
3050,1,1,0.7597165
6058,0,1,0.5491899
6704,0,1,0.546295
5480,0,1,0.6820816
3439,1,0,0.20429775
157,0,0,0.1752256
351,0,0,0.2510754
3685,0,0,0.23650254
6114,0,1,0.6235217
6505,0,0,0.12763077
1215,1,1,0.79601943
1740,0,0,0.30115882
2860,0,0,0.5148702
4950,1,1,0.7967231
4378,0,0,0.17697987
1539,0,1,0.63263804
743,0,0,0.10556329
5821,0,0,0.21561818
84,0,0,0.111022934
6461,0,1,0.5636877
2985,0,0,0.23773791
2189,0,0,0.103883184
2805,0,0,0.122694686
4290,1,1,0.70478255
3058,1,0,0.25886458
4930,0,1,0.6820816
5325,0,0,0.23424108
2605,0,0,0.11430186
6970,1,1,0.79556966
2522,0,0,0.32022816
2117,0,0,0.13278429
3996,0,0,0.10708731
6784,0,0,0.28952032
1373,0,1,0.5692184
1297,0,1,0.7772476
5517,0,0,0.27567217
167,0,0,0.12604925
4984,0,0,0.3458216
5793,0,0,0.42443666
1488,0,1,0.6350962
6273,1,1,0.7983664
4513,1,0,0.12897247
5333,1,1,0.7013137
3483,0,1,0.6639928
6262,0,0,0.4648701
6311,0,1,0.5509595
1446,0,1,0.71787775
1074,0,1,0.5703609
3269,0,0,0.17195493
5647,0,0,0.39614072
4414,0,0,0.28468555
4314,1,1,0.691671
6020,0,0,0.3183908
2778,0,0,0.42961997
6710,0,0,0.218201
1487,0,1,0.54876405
2571,0,0,0.31552458
4787,0,1,0.60234916
3388,0,0,0.34952906
5631,0,1,0.65835094
1295,0,0,0.12704088
1600,1,1,0.814541
1964,0,0,0.21043412
5001,1,0,0.38730106
5548,0,0,0.103883184
3611,0,0,0.28108588
4001,0,0,0.37091625
6657,0,0,0.17438668
5597,1,1,0.5872782
373,0,0,0.46536687
5006,1,0,0.4000371
5078,0,0,0.40959975
1168,0,0,0.25687677
308,0,1,0.6485665
1046,0,0,0.22025691
2505,0,0,0.18278238
3707,0,0,0.103883184
6385,1,1,0.7975058
1768,0,0,0.29770744
6492,0,0,0.10708731
3395,0,0,0.45698428
1281,0,0,0.18346354
4510,0,0,0.372235
5198,1,1,0.60622716
1039,1,1,0.6274216
5075,0,1,0.65268683
812,0,0,0.12843986
65,0,1,0.7125623
965,1,1,0.69920623
1421,1,1,0.7474519
3386,0,0,0.3225564
1181,1,0,0.3960945
4087,0,0,0.41624206
5904,0,0,0.45682564
4160,0,0,0.3033608
3841,1,1,0.66728234
4004,0,0,0.12077654
1721,1,1,0.6981483
486,0,1,0.71925914
6410,0,0,0.23070802
2864,0,1,0.64461035
5007,0,0,0.28561375
2755,0,0,0.3451547
2276,0,1,0.6433118
921,0,0,0.29622087
322,0,1,0.71787775
248,1,1,0.6472734
5437,1,0,0.41360554
6768,0,0,0.1768209
5210,1,0,0.3636701
2513,0,0,0.10628489
3529,0,1,0.79741985
231,0,1,0.5707792
1210,1,1,0.70214885
6459,0,0,0.3930592
6630,0,1,0.71866614
7025,0,1,0.6088302
2389,0,0,0.32807827
5531,0,0,0.22485192
91,0,1,0.79956305
6906,0,0,0.11570139
318,1,1,0.6838852
4981,1,0,0.5230051
3752,0,0,0.14336894
2728,0,0,0.34825456
5605,0,0,0.53027695
4500,0,0,0.43281227
4101,0,0,0.52493036
1501,0,0,0.112076886
3379,0,0,0.46055067
1835,0,1,0.7166874
6308,0,1,0.7859193
3950,1,1,0.66512877
2018,1,1,0.6820816
6690,0,0,0.3017371
4635,0,0,0.10609983
1618,1,1,0.68602115
5196,0,0,0.44013098
2770,1,1,0.71183985
5815,1,1,0.78360385
5668,0,1,0.6627687
6383,0,0,0.13554083
3809,0,0,0.17285
5549,1,1,0.79407656
5858,0,0,0.17167538
2789,0,1,0.5861958
1512,0,1,0.72053486
2199,0,0,0.10691406
1412,1,1,0.71103114
2112,0,0,0.24085487
4623,0,0,0.5084568
265,0,0,0.12707993
3878,0,0,0.1965933
1656,0,1,0.6032395
6191,0,0,0.43868563
838,0,0,0.38527775
14,0,1,0.6523683
3027,0,0,0.40089363
1558,1,1,0.6403163
1163,1,1,0.64669424
8,1,1,0.6743805
4039,0,1,0.7826145
2802,1,1,0.66640633
3939,1,1,0.8031214
5130,1,1,0.5804869
339,1,1,0.5905065
1694,1,1,0.72270757
3282,0,0,0.44288787
2022,0,1,0.7151416
1426,0,0,0.2759058
622,0,0,0.41954526
6971,1,1,0.59573
4782,0,1,0.7473599
5469,0,1,0.5783753
6958,0,0,0.11430186
1438,0,0,0.22839285
2885,0,0,0.22159958
6641,1,0,0.46344513
1844,0,0,0.21432932
2548,0,1,0.73766845
196,0,0,0.11188293
4614,0,0,0.38350818
1869,0,0,0.103883184
4528,0,1,0.56482893
6344,1,1,0.57966185
6739,0,1,0.68707764
432,0,1,0.6494652
2215,0,0,0.13271938
5260,0,1,0.6497149
6001,0,1,0.6831139
1480,0,0,0.22916459
5137,0,0,0.5190955
3169,0,0,0.2589356
4653,1,0,0.38739258
2850,0,1,0.5935753
1760,0,0,0.2169978
604,0,0,0.51071995
2157,0,0,0.5194332
3132,0,1,0.78658986
6765,0,0,0.106188685
6508,1,1,0.6615641
5636,1,0,0.49954432
4693,0,0,0.10691406
3393,0,0,0.32650623
4201,0,0,0.10431606
3550,1,1,0.659209
5782,1,1,0.8127394
5419,0,0,0.15961877
1891,1,1,0.67119914
4275,0,1,0.5560162
4738,1,1,0.74917084
1545,0,0,0.22142448
904,0,0,0.12702498
6602,0,1,0.5698058
6123,0,0,0.40568125
4999,0,0,0.11075346
4879,0,0,0.3247225
1703,0,1,0.6124214
4257,0,1,0.63701415
3870,0,0,0.3293501
5038,0,0,0.19292368
1720,0,1,0.7726955
4776,0,1,0.78192323
4122,0,0,0.21218115
5261,0,0,0.39236286
3479,1,1,0.65010715
1498,1,1,0.6955031
254,0,0,0.39853346
3016,1,1,0.7028374
221,0,0,0.10493494
3794,0,1,0.5491899
4800,1,1,0.814541
4291,0,0,0.26116577
5807,0,0,0.10557552
2208,1,1,0.81374633
1195,0,0,0.4804855
1782,0,0,0.4759227
6552,1,1,0.77427113
1320,0,0,0.4629345
3765,0,0,0.46514824
6799,0,0,0.25743714
2488,1,0,0.44371906
1578,1,0,0.5446551
376,0,1,0.67089885
755,1,1,0.69335806
291,0,0,0.21287374
5910,0,0,0.53957397
4914,0,0,0.121454336
188,0,0,0.21348557
4382,0,1,0.640729
1419,0,0,0.105125815
2476,0,0,0.12704088
3945,1,1,0.62509906
501,0,0,0.16721085
1197,0,0,0.3090733
5327,0,0,0.11060669
6983,0,1,0.5590855
5267,0,0,0.1877369
4119,0,0,0.18276924
6517,0,1,0.60054815
672,1,1,0.7883877
3984,0,0,0.10493494
1374,0,0,0.13216123
5975,1,1,0.7740169
6367,0,0,0.13265923
2178,0,0,0.10628489
5516,1,1,0.6389239
4270,0,0,0.1405994
216,0,0,0.12742318
3954,0,1,0.70944846
421,0,1,0.7356447
5099,1,0,0.38078243
4664,1,1,0.75991064
5028,0,0,0.21337888
506,0,1,0.73627275
3467,1,1,0.7894238
6809,1,1,0.78509516
1544,0,0,0.37503046
1315,0,0,0.11433393
4537,0,0,0.44549346
4054,0,0,0.48493335
3043,1,1,0.71522015
2799,0,0,0.17315744
2641,0,1,0.58035696
4498,0,0,0.1906192
3551,1,1,0.8135886
347,0,0,0.10431606
6529,1,1,0.7719487
333,1,1,0.77810293
6830,0,0,0.11329894
6056,0,0,0.22020951
6154,0,0,0.24805884
5422,0,0,0.120844424
6592,0,0,0.22150226
6955,0,0,0.50501347
1922,0,0,0.44835988
746,0,0,0.17317149
6910,0,0,0.21615168
1670,1,1,0.68340826
6618,0,1,0.5635118
4059,1,1,0.65489656
4271,0,0,0.17466661
2473,0,0,0.3912964
4048,0,0,0.13623193
259,0,0,0.45237988
1741,0,0,0.44290775
3829,1,1,0.66767627
2020,0,0,0.3140985
4586,0,0,0.17617151
1860,0,0,0.103883184
599,0,0,0.105125815
45,0,1,0.6595683
4622,0,1,0.58358115
6277,1,0,0.47143093
5022,0,0,0.22571914
6919,0,1,0.5635854
5701,0,0,0.4226365
1221,0,1,0.5739063
2458,0,0,0.2957667
5306,1,1,0.697609
2228,0,0,0.21555577
3886,0,0,0.4264738
426,0,0,0.5220368
1569,0,0,0.4788642
805,0,0,0.12885268
410,1,1,0.7977707
6931,0,0,0.45117605
3574,0,1,0.5808482
438,0,1,0.5877726
3666,1,1,0.5637094
434,0,0,0.13029607
1805,0,0,0.12072102
6901,0,0,0.23397943
3621,1,1,0.673517
6810,1,0,0.5113334
5266,0,0,0.21993966
1566,0,0,0.12885268
4761,0,0,0.104499795
5420,0,0,0.19935
1049,1,1,0.5671395
626,0,1,0.6613913
1669,0,1,0.73742217
210,1,1,0.6724684
3126,0,0,0.36382723
6000,0,0,0.17219993
2226,0,0,0.13554083
51,1,1,0.6179041
1109,0,0,0.37427863
1617,0,0,0.42819503
6725,0,0,0.2835027
4222,0,0,0.41087657
1543,1,1,0.7749668
4907,0,0,0.10431606
6177,1,1,0.6777941
5981,0,0,0.10977957
2284,0,1,0.6183408
6431,0,0,0.10973906
4582,0,0,0.12704088
3509,0,1,0.6820816
2318,0,0,0.2017871
3463,0,1,0.6235234
5462,0,0,0.30325294
2991,0,1,0.6242881
1840,1,0,0.3160367
6280,0,0,0.27441376
2057,1,0,0.45874724
1864,0,0,0.3088383
705,1,1,0.5666386
6254,0,0,0.24751328
2069,1,1,0.7737754
5859,0,0,0.12707993
4558,1,1,0.6834028
5547,1,1,0.79601943
527,0,0,0.35524252
1533,1,1,0.6960961
565,0,0,0.12625088
1620,0,1,0.6592593
2268,0,0,0.10977957
640,0,0,0.104499795
4590,0,0,0.27675524
730,1,1,0.64753735
6566,0,0,0.20197129
4447,0,1,0.5598785
325,0,1,0.5884757
6728,0,0,0.18854004
290,1,1,0.68607754
1886,0,0,0.12089999
5180,0,0,0.13382077
1683,0,0,0.10708731
4149,1,0,0.1512177
4641,0,1,0.67089885
1945,0,0,0.10431606
6255,0,0,0.43200156
5105,1,0,0.49938333
4335,0,1,0.6960236
864,1,1,0.60501206
5740,0,0,0.12742318
5960,0,0,0.34462133
4758,0,0,0.10736727
4886,0,0,0.18522212
4939,0,1,0.5671395
4126,0,0,0.3912964
371,1,1,0.8000297
3985,0,0,0.40254354
2698,0,0,0.4626565
4679,0,0,0.12604925
1562,0,0,0.52204955
2751,0,0,0.39725947
6128,0,1,0.72357464
5414,1,0,0.4367247
4836,0,0,0.37465206
1921,0,0,0.12859803
6376,0,0,0.103883184
1783,1,1,0.8125083
4774,0,0,0.51388097
3076,1,1,0.5512539
4696,0,0,0.33210108
3260,1,1,0.6583398
122,1,1,0.7963756
479,1,1,0.6121755
1632,1,0,0.52100515
6796,1,1,0.62027746
2879,1,1,0.5905065
1436,1,1,0.8000297
6186,1,0,0.50857234
940,0,0,0.17681736
3366,0,0,0.5364595
6853,1,1,0.6406051
439,0,1,0.66852474
847,0,0,0.25347897
4634,0,0,0.4615971
3208,0,0,0.3195599
7010,1,1,0.8125726
3881,0,0,0.121676564
1173,1,1,0.6255156
4127,0,0,0.11127964
2549,0,0,0.47143093
4698,1,0,0.13089892
6143,0,0,0.18118796
4626,0,0,0.5036237
2887,1,1,0.6820816
5391,0,0,0.38043922
279,0,1,0.61677694
4296,1,0,0.40646377
2115,0,0,0.21661924
3757,0,0,0.1306241
6875,0,0,0.10431606
6081,0,1,0.6472734
4463,1,1,0.8125083
2534,0,0,0.3832273
2107,0,1,0.6686691
1101,0,0,0.3585468
4371,0,0,0.18182036
2794,0,0,0.39965218
4801,0,0,0.12520728
577,0,1,0.77649266
59,0,0,0.27634344
4342,0,0,0.15926705
787,0,0,0.36390272
3538,0,0,0.16423292
5008,0,0,0.1130595
2881,0,0,0.32191625
6089,1,1,0.81365263
2317,0,0,0.107941024
1370,0,0,0.114422746
1183,0,0,0.512256
1883,1,1,0.56153995
6462,1,1,0.7871127
1894,0,0,0.47547266
2575,0,0,0.2835027
6561,0,1,0.77649266
5973,0,0,0.21853788
184,1,1,0.71833307
1565,0,1,0.6294821
1871,0,1,0.6301765
420,0,0,0.47901168
5832,1,1,0.6832668
553,0,0,0.11254105
1732,0,0,0.4572205
2138,0,0,0.1300117
6542,1,1,0.63832927
6073,0,0,0.17196749
443,0,0,0.4340437
6497,0,1,0.6637561
1608,0,0,0.18846276
6450,0,0,0.11060669
1765,0,0,0.4863226
1586,0,0,0.29097116
3313,0,1,0.61014086
5328,0,0,0.22032389
181,0,1,0.66984606
5786,0,0,0.12604925
794,0,1,0.57773477
1420,0,1,0.5988804
1477,1,0,0.46636868
3721,1,0,0.4626565
1940,0,0,0.2354568
1992,0,1,0.70419896
4074,1,1,0.6419373
6061,0,0,0.3772485
3370,0,0,0.39873242
4666,0,0,0.3052924
6498,1,1,0.8135886
530,0,0,0.11188293
6848,0,1,0.6699369
710,1,1,0.5671395
2357,0,0,0.29452503
6493,0,0,0.38835293
558,0,1,0.7639345
5927,0,0,0.10691406
2306,0,1,0.7961744
1371,1,1,0.8138187
5872,1,1,0.8125083
6629,0,0,0.12764516
907,0,0,0.32471207
6226,0,0,0.104499795
4376,0,0,0.5283058
5970,0,1,0.74933743
6253,0,0,0.41198704
2453,0,1,0.79581636
4715,0,0,0.12704088
1872,0,0,0.10609983
5773,0,0,0.395606
3773,1,1,0.67089885
926,1,1,0.79834026
2481,0,0,0.105938435
5481,1,1,0.81346494
3404,0,0,0.21288851
15,0,0,0.20612705
6366,0,0,0.12621951
315,0,0,0.4989712
2439,0,0,0.17891814
5002,0,0,0.13425699
1161,1,1,0.6860836
2142,0,0,0.3014597
1623,0,0,0.29665744
6074,1,1,0.7215297
1362,1,1,0.79405266
6754,0,0,0.16336593
1212,0,1,0.7757306
2722,0,0,0.11015091
4006,0,0,0.105125815
6791,1,0,0.48658338
5466,0,0,0.1906192
5852,1,1,0.6825852
4195,0,0,0.4456066
4166,0,0,0.18146385
5234,0,0,0.5027527
3414,0,0,0.13091432
1803,0,0,0.14530787
6203,0,0,0.2906997
5285,0,0,0.12859803
1323,0,0,0.10556329
5666,0,0,0.31840107
1941,0,1,0.65406334
6601,0,0,0.23445624
1902,0,0,0.12722646
3704,0,0,0.21892667
387,0,0,0.33851495
5550,0,0,0.18132451
1032,1,1,0.7820224
4523,0,1,0.7224655
6582,0,0,0.309083
5587,0,0,0.3681114
3306,0,1,0.793284
6625,1,1,0.7238583
3316,0,0,0.23238511
1010,0,1,0.63042945
3641,0,0,0.13501476
931,0,0,0.23339665
6352,0,1,0.6339774
691,0,0,0.30760887
533,0,0,0.44084468
6451,0,0,0.41566432
2227,0,0,0.21140096
652,0,0,0.10951574
33,0,1,0.57589424
4118,0,1,0.5513463
44,0,0,0.47267815
6767,0,0,0.38615695
5100,1,1,0.80260164
964,1,1,0.6820816
5589,1,0,0.12533812
2415,1,1,0.5911135
6202,1,0,0.22504391
2263,1,1,0.63999397
5202,0,0,0.3215726
4450,1,0,0.4229793
5247,1,1,0.60085505
6306,0,0,0.38777184
5244,0,1,0.58511084
2316,0,0,0.44744426
2617,1,1,0.58079934
26,1,1,0.6628131
3605,0,0,0.4446007
63,0,0,0.24113083
1044,0,0,0.24457622
3660,0,0,0.28165987
5360,1,1,0.74748445
2656,0,0,0.3258079
1454,0,0,0.30252793
227,1,1,0.66984606
6984,0,0,0.3669195
3080,0,1,0.65965396
3317,0,0,0.21582256
5035,0,1,0.65346116
3184,0,0,0.12859803
2833,0,0,0.12139418
3539,1,1,0.5491899
969,1,1,0.8008028
4603,0,1,0.6271576
5751,0,0,0.10609983
2662,1,1,0.71380746
4094,0,1,0.79931974
6034,0,0,0.18671118
3813,0,0,0.25266314
2387,0,1,0.7795609
4224,0,0,0.10431606
6375,1,1,0.78845847
3567,1,1,0.65582585
4148,0,0,0.28482422
2646,0,0,0.13481542
6626,1,1,0.7820224
252,1,1,0.70968735
5435,0,0,0.45126712
4554,0,0,0.4754274
3975,1,1,0.60620284
4847,1,1,0.6686918
5719,0,0,0.11079704
2818,1,1,0.56236917
1702,1,1,0.59209156
4428,1,1,0.6680737
4808,0,0,0.13864076
3790,1,0,0.2236346
5722,1,1,0.5903606
4041,0,0,0.14078839
2094,0,0,0.28760082
2843,0,0,0.106726594
641,1,0,0.419599
6140,0,0,0.4612152
3882,0,1,0.6524497
4405,1,1,0.7437036
297,0,1,0.6686056
303,0,0,0.13453625
2406,1,1,0.7899755
5816,0,1,0.6910693
3154,0,1,0.78352153
1839,0,0,0.1270964
4384,1,1,0.75973713
4306,0,1,0.57849103
655,0,1,0.7434338
4139,0,1,0.68607754
4686,0,0,0.2343809
4775,1,1,0.6050277
240,0,0,0.12763524
783,1,1,0.71447027
1354,1,1,0.6848141
1018,0,1,0.69378126
4912,1,1,0.6304642
977,0,1,0.7656079
809,1,1,0.8125083
6755,0,1,0.62934804
5036,1,1,0.6500679
257,0,0,0.41087657
893,1,1,0.7094698
5936,0,0,0.10977957
4366,0,1,0.65606314
3589,0,0,0.37229684
5162,0,0,0.3821791
5229,1,1,0.5699309
5167,0,0,0.12681994
3288,0,0,0.112076886
6698,0,0,0.4659261
2132,0,0,0.1752256
6243,0,0,0.12663132
5520,0,0,0.33538458
1357,0,1,0.57954746
1561,1,1,0.81323457
6054,1,1,0.5708329
2251,0,1,0.64184994
5474,0,1,0.81431156
2471,1,1,0.5882722
3133,0,0,0.3164684
2024,0,1,0.59576136
4687,1,1,0.6038706
2986,0,0,0.22538362
2042,0,0,0.3646324
4905,0,0,0.10969176
2876,0,0,0.18633519
2669,1,1,0.66419375
4756,0,0,0.36638215
5728,1,1,0.69651526
4098,1,1,0.5884583
7018,1,1,0.7875901
3806,0,1,0.6897809
6842,0,0,0.19043033
3475,0,0,0.22510916
1092,0,0,0.121676564
5867,0,0,0.11079214
124,0,0,0.4517444
4152,0,0,0.12619323
6882,0,0,0.30429
4489,0,0,0.2171092
2922,1,1,0.58257496
2516,1,1,0.7149717
6038,1,0,0.2097222
1553,0,1,0.5666724
3482,0,0,0.38871834
2886,0,0,0.5102584
598,0,0,0.4657894
75,0,0,0.51797837
1339,1,0,0.5137193
1416,0,0,0.14191264
4772,0,0,0.21282582
1649,0,0,0.3747195
5652,0,1,0.71787775
3206,0,0,0.3923815
4024,0,1,0.5593111
2829,1,1,0.7767424
149,0,0,0.4369825
3001,0,0,0.38225994
1557,0,0,0.47003096
3931,0,0,0.39183024
453,1,1,0.67017573
4427,0,0,0.2905053
1832,1,0,0.47271717
3250,0,0,0.19292368
5663,0,1,0.6649741
808,1,1,0.6663825
2002,0,0,0.13151136
3353,0,1,0.65958744
3824,0,1,0.650838
1671,0,0,0.42706686
1119,0,0,0.13291815
4353,1,1,0.8125083
810,1,0,0.49686083
1129,0,1,0.5662517
834,1,1,0.7954595
6124,0,0,0.21712053
5413,0,1,0.64427584
6732,0,1,0.68682355
1971,0,0,0.18502201
1235,0,0,0.31174472
1225,1,0,0.5188216
4051,0,0,0.19950466
2344,0,0,0.18326561
6227,1,1,0.65952975
4352,0,0,0.54155
2273,0,0,0.17465393
1729,0,0,0.27559572
6785,1,0,0.26566038
2181,0,0,0.32767797
1027,0,0,0.3606426
3082,0,0,0.21294333
5205,0,0,0.5350934
349,0,0,0.3930545
452,0,0,0.3995759
662,0,1,0.5748654
172,0,0,0.1521796
1405,1,1,0.80387527
5857,1,1,0.6854473
4250,0,0,0.2903142
4550,0,0,0.10650114
422,0,0,0.50085956
3017,0,0,0.23131378
3326,1,0,0.2426884
881,0,0,0.18146385
3450,0,0,0.49299338
1253,1,1,0.78102785
6268,0,0,0.17588465
6210,0,0,0.23660736
2225,0,0,0.28287923
4121,1,1,0.6823642
6563,1,1,0.63727736
1905,0,0,0.18445528
102,0,0,0.3683311
3014,0,1,0.6516224
4301,0,0,0.105125815
6678,0,0,0.10708731
4269,1,1,0.5789992
2447,0,1,0.77649266
1580,0,0,0.32007745
3803,1,0,0.27579665
3481,0,1,0.6777941
4871,0,0,0.3182021
3877,1,0,0.35832366
5192,0,0,0.10506767
135,0,0,0.11042686
2521,1,1,0.593014
4151,0,0,0.47525665
1918,0,0,0.41553453
6332,0,0,0.21364538
4697,0,1,0.5755868
4750,0,0,0.2543416
2666,0,0,0.12859803
5110,0,1,0.77810293
2925,0,0,0.50420994
3066,0,1,0.737156
1789,0,0,0.4343749
5288,1,1,0.8135886
807,0,0,0.30766663
462,1,1,0.78684956
879,0,0,0.37503046
3248,1,1,0.78360385
4726,0,0,0.1421566
5680,1,1,0.5797827
6790,0,0,0.106188685
4377,0,1,0.5850373
799,1,0,0.46694234
354,1,0,0.46372998
3964,0,0,0.26570937
1073,1,1,0.74639475
3101,0,0,0.5234891
5594,0,1,0.68451357
144,0,0,0.10531435
380,0,0,0.35981405
1340,0,0,0.16486523
4168,0,0,0.13354367
6510,0,0,0.2733794
121,0,0,0.3923815
3745,1,1,0.78102785
3612,0,1,0.6858556
1360,1,1,0.72670555
418,1,1,0.6583139
6348,0,1,0.5762072
5546,0,1,0.61199296
1514,0,0,0.10431606
4184,1,1,0.75836235
5455,0,0,0.39338598
3100,0,1,0.55255675
2063,0,0,0.31198525
555,0,0,0.3050433
2312,0,0,0.17603454
3543,0,0,0.16391905
5440,0,0,0.3876369
1485,1,1,0.69335806
5017,0,0,0.22998558
1272,0,0,0.43294704
6598,0,0,0.12681994
1411,0,1,0.60510194
5076,1,0,0.52837354
6915,0,0,0.23564719
1471,0,1,0.55640477
2266,0,0,0.5096056
5503,0,0,0.17306677
5077,0,0,0.1130595
5635,0,0,0.38871834
4154,1,1,0.77810293
6679,0,0,0.12935935
3165,0,0,0.1752256
2436,0,1,0.5660435
2868,0,1,0.6709368
6612,1,1,0.7875901
981,0,0,0.105660416
5974,0,0,0.39497495
6063,0,0,0.10556329
3246,1,1,0.65202576
6207,1,1,0.60649395
1268,1,0,0.5213359
414,0,1,0.56739146
268,1,0,0.10506767
3127,1,0,0.46770886
654,1,0,0.4441994
3011,0,0,0.112076886
6394,0,0,0.24457622
2223,1,1,0.6780778
6989,0,0,0.3096205
2337,1,0,0.49947307
3541,0,0,0.3619731
773,1,1,0.72363263
2446,1,1,0.5992083
589,0,0,0.14356367
2907,1,1,0.60256684
2127,1,0,0.25550747
2996,0,0,0.37801167
3896,0,0,0.17373204
3038,0,0,0.4650881
6441,0,0,0.3906795
2465,1,1,0.6880172
3377,0,0,0.104499795
701,0,1,0.640237
5845,1,1,0.7975257
2301,0,1,0.7797491
5121,0,0,0.306942
677,1,1,0.71380746
6062,0,1,0.56584483
6607,1,1,0.72270757
2598,0,1,0.77649266
2345,0,0,0.46285698
4093,0,1,0.5806697
693,1,1,0.7696571
1513,1,1,0.68560505
6067,0,0,0.2589408
6105,1,0,0.50699824
6189,0,0,0.12722646
110,1,1,0.6086754
3852,0,1,0.58079934
6474,0,0,0.1130595
6270,0,0,0.11060669
2131,0,0,0.13076034
4085,0,0,0.3316448
1919,1,1,0.66984606
856,0,0,0.12608805
3408,1,1,0.6402883
5950,0,1,0.72270757
6554,1,1,0.7984894
2510,1,1,0.7883877
6897,0,0,0.38259694
4169,1,1,0.71612644
4392,0,1,0.5671395
1758,0,0,0.10431606
3337,0,1,0.7787624
3203,0,0,0.12726557
605,0,0,0.12608805
6986,1,1,0.58054274
3034,1,1,0.80387527
6691,0,0,0.22518727
1468,0,0,0.37371498
5178,0,0,0.51662636
2812,1,0,0.48574328
6171,0,1,0.5556261
5079,0,1,0.69443476
2921,1,1,0.7826145
107,0,0,0.22663331
29,1,0,0.42995325
3780,0,0,0.12937161
3150,0,0,0.42617893
3616,0,0,0.37313673
5346,0,0,0.12683374
4940,0,1,0.64073426
751,0,0,0.12762685
3168,0,0,0.18255614
584,0,0,0.47793114
1220,0,0,0.39146653
5040,0,1,0.56454384
6614,0,0,0.103883184
3274,0,1,0.65533715
6053,0,0,0.135678
548,0,0,0.39983988
5448,0,0,0.50109434
6921,0,1,0.5621381
2874,0,0,0.10431606
6548,0,0,0.3518209
3715,0,1,0.7820224
2291,1,1,0.7967231
6783,0,0,0.13554083
6887,0,0,0.109969236
3396,0,0,0.45004874
4945,0,0,0.10708731
1203,0,0,0.106130004
344,0,0,0.18278238
4328,0,0,0.50613856
5907,0,1,0.6820816
1575,1,1,0.5651668
2900,1,1,0.8103629
6604,0,1,0.7076722
3047,1,1,0.57554454
3131,0,0,0.12689058
5853,0,0,0.42566594
4072,0,1,0.7820224
2173,0,1,0.7844681
90,0,1,0.55267555
7006,1,1,0.5940421
5487,0,0,0.18305965
4383,0,0,0.2947783
2252,0,0,0.17102882
6696,0,1,0.7795609
624,1,0,0.38558254
69,0,1,0.69785863
889,1,1,0.55066866
4845,0,0,0.13951212
5340,0,0,0.31715322
5274,0,0,0.44196746
6868,1,1,0.72357464
3921,0,0,0.35323966
5072,0,1,0.69335806
947,0,1,0.58210045
877,0,0,0.31848094
6806,0,0,0.10609983
6575,0,0,0.37367734
2462,0,1,0.6679531
293,0,1,0.7820224
5446,1,1,0.5671395
3091,0,0,0.2152138
445,1,1,0.6019857
4020,0,0,0.13446905
1961,0,0,0.22264154
2846,0,1,0.63442945
3614,0,0,0.13291815
1880,1,1,0.8000297
5186,1,1,0.7240933
4690,0,0,0.39270648
3570,0,0,0.112076886
4917,0,0,0.293779
4678,1,1,0.77403504
5213,0,1,0.7084267
5030,1,1,0.72963953
4922,0,0,0.39238098
367,0,1,0.5671395
5243,0,0,0.4843804
5331,0,0,0.14078839
2540,0,0,0.20689963
6316,0,0,0.104499795
3392,0,0,0.2245123
6923,0,0,0.30065763
6455,0,0,0.46909812
4684,1,0,0.43844175
3105,0,0,0.35500124
3279,0,0,0.21840711
3720,0,0,0.34476238
4541,1,1,0.67119914
4965,1,1,0.6404657
4581,0,0,0.10557552
3871,1,1,0.7727724
5020,0,0,0.10977957
1186,0,0,0.21789552
3428,1,1,0.5534828
5004,0,1,0.58752006
3866,0,0,0.10878007
6827,0,0,0.37203804
5349,0,0,0.21675637
6888,0,1,0.79601943
151,1,1,0.73147565
1858,1,1,0.6549545
2464,1,1,0.81431156
1033,0,0,0.10431606
1383,1,1,0.6820816
915,1,1,0.8125726
1305,0,0,0.37611902
6682,0,0,0.17387265
3098,1,1,0.5809172
4983,1,0,0.46949595
509,0,1,0.5692184
5894,1,1,0.5912744
5963,0,0,0.33011708
6049,0,0,0.10609983
2647,0,0,0.47937816
5799,1,0,0.5230051
6022,0,0,0.30713746
748,0,0,0.105660416
2304,0,0,0.41807228
4076,0,0,0.20219994
5410,0,0,0.20971599
1310,1,1,0.6684363
1611,0,0,0.12722646
6988,0,0,0.38400367
911,0,1,0.61797345
2673,1,1,0.5909702
2499,0,0,0.21972041
3089,0,0,0.12704088
5200,0,0,0.49427983
5096,0,0,0.12707993
2680,0,0,0.12707993
2126,0,1,0.66984606
471,1,1,0.71787775
967,0,0,0.46553624
7013,0,1,0.567516
4056,1,1,0.7099485
4602,0,0,0.106188685
5873,0,1,0.65611887
6648,0,0,0.28468555
3815,1,1,0.7969481
896,0,0,0.1965933
5329,1,0,0.40437496
4284,0,1,0.648183
5785,0,0,0.10932678
1773,0,0,0.10556329
3307,0,0,0.14808519
251,1,1,0.78493
1209,0,0,0.37305626
2688,1,1,0.78983855
3885,0,1,0.7969481
2937,0,0,0.4366959
3071,0,0,0.13216123
4605,0,0,0.12616187
1128,0,0,0.3772811
2890,1,1,0.5461862
4479,0,0,0.12735264
1593,0,0,0.44535032
2603,0,0,0.18978943
3607,0,0,0.2425727
57,0,0,0.4887722
1699,0,0,0.18346354
1322,0,0,0.39853346
176,1,1,0.64073426
3182,0,0,0.3180077
6116,0,0,0.23473494
2995,0,1,0.671828
6997,0,1,0.6672973
6155,1,0,0.4340653
292,0,0,0.3608839
1142,0,1,0.7385589
2328,0,1,0.58025473
3728,0,0,0.3101495
183,0,0,0.3055826
1170,0,0,0.18835796
4838,0,0,0.44083145
5649,0,0,0.28482422
5332,0,0,0.22264154
5931,1,1,0.72570264
5737,0,0,0.43289804
3523,0,0,0.17381217
1086,1,1,0.73442477
2781,0,1,0.63393575
4112,0,1,0.54843736
1172,0,1,0.67271405
2470,0,0,0.106188685
3661,0,0,0.45980716
2166,0,0,0.29967782
5761,0,0,0.13128881
2133,1,1,0.8127394
7005,0,0,0.17588465
4458,1,1,0.6523205
4731,0,0,0.17648429
2589,1,1,0.7977707
4050,0,1,0.640332
2183,0,1,0.6692769
3114,0,1,0.6298685
1956,0,0,0.18892546
613,0,0,0.512497
3528,1,0,0.3090733
2944,0,0,0.41411948
6878,1,1,0.78102785
3734,0,0,0.2714909
1430,0,0,0.17844757
4815,1,0,0.36147684
1876,0,0,0.49190867
1748,0,0,0.106726594
6347,0,1,0.6340937
505,1,1,0.69232816
415,0,1,0.615382
6924,1,1,0.81103075
272,1,1,0.671828
2942,0,0,0.12475243
1706,0,0,0.20999528
5901,1,1,0.6283496
4557,0,0,0.32401004
2807,0,0,0.1860207
6142,1,0,0.45434225
5887,0,0,0.3906795
2441,0,1,0.75913715
106,0,0,0.4607502
1344,0,0,0.28482422
6811,1,1,0.7215297
4651,1,1,0.65486693
6722,0,0,0.43329597
3349,1,1,0.7834368
2182,0,0,0.31227288
952,0,0,0.3553819
5833,0,0,0.41040465
2586,0,0,0.28257865
2417,0,1,0.5960395
1504,0,1,0.6910027
4927,0,0,0.11015091
7003,0,0,0.44278976
3849,1,0,0.3488533
6080,1,1,0.638043
4812,1,0,0.52992445
1121,0,0,0.32032394
3819,0,0,0.23252548
5447,0,1,0.65202576
6782,0,1,0.5937489
1024,0,1,0.5758423
5696,1,0,0.4396684
4483,0,0,0.104499795
5506,0,1,0.5748654
4252,0,0,0.38871834
2795,1,1,0.77910703
416,0,0,0.21153365
2827,0,1,0.6820816
4828,0,0,0.36981413
2629,1,1,0.7609024
3341,0,0,0.36527196
564,0,0,0.5309734
1224,1,1,0.6820816
142,0,0,0.21351972
3942,1,1,0.71787775
2271,0,1,0.65503573
2531,0,0,0.10556329
2004,1,1,0.5861958
1194,0,0,0.48000067
6965,0,0,0.41655624
1756,0,0,0.32199794
497,0,0,0.10431606
3477,0,1,0.69347686
6885,1,1,0.6456532
3315,0,0,0.44196746
721,0,0,0.103883184
5118,0,1,0.56471205
3859,0,0,0.38140154
1496,0,0,0.52564603
6637,0,0,0.21043412
1520,0,0,0.47581738
4482,1,1,0.77810293
3770,0,0,0.10601461
3006,1,1,0.72196126
5891,1,0,0.32415122
5673,0,0,0.21378615
108,0,0,0.47905338
1754,0,0,0.30403334
6741,1,1,0.7257746
1351,0,0,0.45486665
6110,0,0,0.40612262
4888,0,0,0.5370232
5708,0,1,0.7392965
1973,0,0,0.13447113
336,1,0,0.32820904
4941,1,0,0.47581738
6201,0,1,0.7345636
3139,1,1,0.66104823
5614,0,0,0.27593377
724,1,1,0.6699584
765,0,1,0.5570671
2997,1,1,0.5741452
3783,0,1,0.5905065
307,0,0,0.1348862
4034,0,0,0.5343955
3039,0,0,0.13446905
3846,0,1,0.6077449
5720,0,0,0.5247762
2550,0,0,0.10736727
6379,1,1,0.73816186
1791,0,0,0.22264154
3245,1,1,0.6486182
2842,0,1,0.61159164
5729,0,0,0.3429932
2053,1,1,0.5636877
2398,0,1,0.6765341
71,0,0,0.21343055
4903,1,1,0.78983855
3210,0,0,0.2135569
1260,0,1,0.6724684
1666,0,0,0.112076886
5522,1,1,0.7875901
6377,1,1,0.6879069
5500,0,0,0.12219593
2392,0,1,0.5861958
6705,0,0,0.46494997
